{
    "_allocate_inputs": 0,
    "_allocate_outputs": 0,
    "cli_parameters": "analyze --name network -m C:/Users/thwai/Desktop/AI/wake_word_stop_model.tflite --type tflite --compression 1 --verbosity 1 --workspace C:\\Users\\thwai\\AppData\\Local\\Temp\\mxAI_workspace15148427785613005668786390357102796 --output C:\\Users\\thwai\\.stm32cubemx",
    "cli_version": {
        "major": 1,
        "micro": 0,
        "minor": 4
    },
    "cli_version_str": "1.4.0",
    "compression": {
        "factor": null,
        "layers": {}
    },
    "date_time": "Sun Jan  3 00:14:42 2021",
    "error": 0,
    "error_str": [],
    "evaluation_measures": [],
    "evaluation_status": "NOT EVALUATED",
    "exec_cmd": "analyze",
    "exec_duration": 1.4868805408477783,
    "hash": "aa47e0ff7656f90854c992e32175164c",
    "inputs": [
        "conv2d_input"
    ],
    "l2_error": -1.0,
    "l2_status": "NOT EVALUATED",
    "layers": [
        {
            "extras": {
                "c_l2_error": 0,
                "c_l2_id": -1,
                "n_macc": 0,
                "n_params": 0,
                "psize": 0,
                "rom_n_params": 0,
                "rom_output": {
                    "c_size": 256,
                    "fmt": {
                        "c_bits": [
                            32,
                            0
                        ],
                        "c_format": "AI_ARRAY_FORMAT_FLOAT",
                        "c_size": 4,
                        "c_type": "ai_float",
                        "format": "FLOAT32"
                    },
                    "shape": [
                        8,
                        8,
                        1,
                        1
                    ]
                },
                "rom_size": 0,
                "rom_size_params": 0,
                "rom_trans": null
            },
            "id": 0,
            "inputs": [],
            "name": "conv2d_input",
            "out_shapes": [
                [
                    1,
                    8,
                    8
                ]
            ],
            "outputs": [
                "conv2d_input"
            ],
            "shape": [
                1,
                8,
                8
            ],
            "type": "Input"
        },
        {
            "dilation": [
                1,
                1
            ],
            "extras": {
                "c_l2_error": 0,
                "c_l2_id": -1,
                "n_macc": 7872,
                "n_params": 160,
                "psize": 640,
                "rom_n_params": 160,
                "rom_output": {
                    "c_size": 6272,
                    "fmt": {
                        "c_bits": [
                            32,
                            0
                        ],
                        "c_format": "AI_ARRAY_FORMAT_FLOAT",
                        "c_size": 4,
                        "c_type": "ai_float",
                        "format": "FLOAT32"
                    },
                    "shape": [
                        7,
                        7,
                        32,
                        1
                    ]
                },
                "rom_size": 640,
                "rom_size_params": 640,
                "rom_trans": null
            },
            "filter_size": [
                2,
                2
            ],
            "groups": 1,
            "id": 0,
            "inputs": [
                "conv2d_input"
            ],
            "name": "conv2d_0",
            "num_filters": 32,
            "out_shapes": [
                [
                    32,
                    7,
                    7
                ]
            ],
            "outputs": [
                "conv2d_0"
            ],
            "pad": [
                0,
                0
            ],
            "stride": [
                1,
                1
            ],
            "type": "Conv2D",
            "use_bias": true
        },
        {
            "extras": {
                "c_l2_error": 0,
                "c_l2_id": -1,
                "n_macc": 0,
                "n_params": 0,
                "psize": 0,
                "rom_n_params": 0,
                "rom_output": null,
                "rom_size": 0,
                "rom_size_params": 0,
                "rom_trans": null
            },
            "id": 0,
            "inputs": [
                "conv2d_0"
            ],
            "name": "nl_0",
            "nonlinearity": "relu",
            "out_shapes": [
                [
                    32,
                    7,
                    7
                ]
            ],
            "outputs": [
                "nl_0"
            ],
            "type": "Nonlinearity"
        },
        {
            "extras": {
                "c_l2_error": 0,
                "c_l2_id": -1,
                "n_macc": 0,
                "n_params": 32,
                "psize": 128,
                "rom_n_params": 0,
                "rom_output": null,
                "rom_size": 0,
                "rom_size_params": 0,
                "rom_trans": null
            },
            "id": 1,
            "inputs": [],
            "name": "sequentialbatch_normalizationFusedBatchNormV31",
            "out_shapes": [
                [
                    32,
                    1,
                    1
                ]
            ],
            "outputs": [
                "sequentialbatch_normalizationFusedBatchNormV31"
            ],
            "shape": [
                32,
                1,
                1
            ],
            "type": "Placeholder"
        },
        {
            "extras": {
                "c_l2_error": 0,
                "c_l2_id": -1,
                "n_macc": 3136,
                "n_params": 0,
                "psize": 0,
                "rom_n_params": 64,
                "rom_output": {
                    "c_size": 6272,
                    "fmt": {
                        "c_bits": [
                            32,
                            0
                        ],
                        "c_format": "AI_ARRAY_FORMAT_FLOAT",
                        "c_size": 4,
                        "c_type": "ai_float",
                        "format": "FLOAT32"
                    },
                    "shape": [
                        7,
                        7,
                        32,
                        1
                    ]
                },
                "rom_size": 256,
                "rom_size_params": 256,
                "rom_trans": null
            },
            "id": 1,
            "inputs": [
                "nl_0",
                "sequentialbatch_normalizationFusedBatchNormV31"
            ],
            "name": "eltwise_1",
            "operation": "mul",
            "out_shapes": [
                [
                    32,
                    7,
                    7
                ]
            ],
            "outputs": [
                "eltwise_1"
            ],
            "type": "Eltwise"
        },
        {
            "extras": {
                "c_l2_error": 0,
                "c_l2_id": -1,
                "n_macc": 0,
                "n_params": 32,
                "psize": 128,
                "rom_n_params": 0,
                "rom_output": null,
                "rom_size": 0,
                "rom_size_params": 0,
                "rom_trans": null
            },
            "id": 2,
            "inputs": [],
            "name": "sequentialbatch_normalizationFusedBatchNormV3",
            "out_shapes": [
                [
                    32,
                    1,
                    1
                ]
            ],
            "outputs": [
                "sequentialbatch_normalizationFusedBatchNormV3"
            ],
            "shape": [
                32,
                1,
                1
            ],
            "type": "Placeholder"
        },
        {
            "extras": {
                "c_l2_error": 0,
                "c_l2_id": -1,
                "n_macc": 0,
                "n_params": 0,
                "psize": 0,
                "rom_n_params": 0,
                "rom_output": null,
                "rom_size": 0,
                "rom_size_params": 0,
                "rom_trans": null
            },
            "id": 2,
            "inputs": [
                "eltwise_1",
                "sequentialbatch_normalizationFusedBatchNormV3"
            ],
            "name": "eltwise_2",
            "operation": "add",
            "out_shapes": [
                [
                    32,
                    7,
                    7
                ]
            ],
            "outputs": [
                "eltwise_2"
            ],
            "type": "Eltwise"
        },
        {
            "ceil_mode": "floor",
            "extras": {
                "c_l2_error": 0,
                "c_l2_id": -1,
                "n_macc": 1152,
                "n_params": 0,
                "psize": 0,
                "rom_n_params": 0,
                "rom_output": {
                    "c_size": 1152,
                    "fmt": {
                        "c_bits": [
                            32,
                            0
                        ],
                        "c_format": "AI_ARRAY_FORMAT_FLOAT",
                        "c_size": 4,
                        "c_type": "ai_float",
                        "format": "FLOAT32"
                    },
                    "shape": [
                        3,
                        3,
                        32,
                        1
                    ]
                },
                "rom_size": 0,
                "rom_size_params": 0,
                "rom_trans": null
            },
            "id": 3,
            "inputs": [
                "eltwise_2"
            ],
            "name": "pool_3",
            "out_shapes": [
                [
                    32,
                    3,
                    3
                ]
            ],
            "outputs": [
                "pool_3"
            ],
            "pool_function": "max",
            "pool_pad": [
                0,
                0
            ],
            "pool_size": [
                2,
                2
            ],
            "pool_stride": [
                2,
                2
            ],
            "type": "Pool"
        },
        {
            "extras": {
                "c_l2_error": 0,
                "c_l2_id": -1,
                "n_macc": 0,
                "n_params": 32,
                "psize": 128,
                "rom_n_params": 0,
                "rom_output": null,
                "rom_size": 0,
                "rom_size_params": 0,
                "rom_trans": null
            },
            "id": 4,
            "inputs": [],
            "name": "sequentialbatch_normalization_1FusedBatchNormV31",
            "out_shapes": [
                [
                    32,
                    1,
                    1
                ]
            ],
            "outputs": [
                "sequentialbatch_normalization_1FusedBatchNormV31"
            ],
            "shape": [
                32,
                1,
                1
            ],
            "type": "Placeholder"
        },
        {
            "extras": {
                "c_l2_error": 0,
                "c_l2_id": -1,
                "n_macc": 576,
                "n_params": 0,
                "psize": 0,
                "rom_n_params": 64,
                "rom_output": {
                    "c_size": 1152,
                    "fmt": {
                        "c_bits": [
                            32,
                            0
                        ],
                        "c_format": "AI_ARRAY_FORMAT_FLOAT",
                        "c_size": 4,
                        "c_type": "ai_float",
                        "format": "FLOAT32"
                    },
                    "shape": [
                        3,
                        3,
                        32,
                        1
                    ]
                },
                "rom_size": 256,
                "rom_size_params": 256,
                "rom_trans": null
            },
            "id": 4,
            "inputs": [
                "pool_3",
                "sequentialbatch_normalization_1FusedBatchNormV31"
            ],
            "name": "eltwise_4",
            "operation": "mul",
            "out_shapes": [
                [
                    32,
                    3,
                    3
                ]
            ],
            "outputs": [
                "eltwise_4"
            ],
            "type": "Eltwise"
        },
        {
            "extras": {
                "c_l2_error": 0,
                "c_l2_id": -1,
                "n_macc": 0,
                "n_params": 32,
                "psize": 128,
                "rom_n_params": 0,
                "rom_output": null,
                "rom_size": 0,
                "rom_size_params": 0,
                "rom_trans": null
            },
            "id": 5,
            "inputs": [],
            "name": "sequentialbatch_normalization_1FusedBatchNormV3",
            "out_shapes": [
                [
                    32,
                    1,
                    1
                ]
            ],
            "outputs": [
                "sequentialbatch_normalization_1FusedBatchNormV3"
            ],
            "shape": [
                32,
                1,
                1
            ],
            "type": "Placeholder"
        },
        {
            "extras": {
                "c_l2_error": 0,
                "c_l2_id": -1,
                "n_macc": 0,
                "n_params": 0,
                "psize": 0,
                "rom_n_params": 0,
                "rom_output": null,
                "rom_size": 0,
                "rom_size_params": 0,
                "rom_trans": null
            },
            "id": 5,
            "inputs": [
                "eltwise_4",
                "sequentialbatch_normalization_1FusedBatchNormV3"
            ],
            "name": "eltwise_5",
            "operation": "add",
            "out_shapes": [
                [
                    32,
                    3,
                    3
                ]
            ],
            "outputs": [
                "eltwise_5"
            ],
            "type": "Eltwise"
        },
        {
            "dilation": [
                1,
                1
            ],
            "extras": {
                "c_l2_error": 0,
                "c_l2_id": -1,
                "n_macc": 4168,
                "n_params": 1032,
                "psize": 4128,
                "rom_n_params": 1032,
                "rom_output": {
                    "c_size": 32,
                    "fmt": {
                        "c_bits": [
                            32,
                            0
                        ],
                        "c_format": "AI_ARRAY_FORMAT_FLOAT",
                        "c_size": 4,
                        "c_type": "ai_float",
                        "format": "FLOAT32"
                    },
                    "shape": [
                        1,
                        1,
                        8,
                        1
                    ]
                },
                "rom_size": 4128,
                "rom_size_params": 4128,
                "rom_trans": null
            },
            "filter_size": [
                2,
                2
            ],
            "groups": 1,
            "id": 6,
            "inputs": [
                "eltwise_5"
            ],
            "name": "conv2d_6",
            "num_filters": 8,
            "out_shapes": [
                [
                    8,
                    2,
                    2
                ]
            ],
            "outputs": [
                "conv2d_6"
            ],
            "pad": [
                0,
                0
            ],
            "stride": [
                1,
                1
            ],
            "type": "Conv2D",
            "use_bias": true
        },
        {
            "extras": {
                "c_l2_error": 0,
                "c_l2_id": -1,
                "n_macc": 0,
                "n_params": 0,
                "psize": 0,
                "rom_n_params": 0,
                "rom_output": null,
                "rom_size": 0,
                "rom_size_params": 0,
                "rom_trans": null
            },
            "id": 6,
            "inputs": [
                "conv2d_6"
            ],
            "name": "nl_6",
            "nonlinearity": "relu",
            "out_shapes": [
                [
                    8,
                    2,
                    2
                ]
            ],
            "outputs": [
                "nl_6"
            ],
            "type": "Nonlinearity"
        },
        {
            "ceil_mode": "floor",
            "extras": {
                "c_l2_error": 0,
                "c_l2_id": -1,
                "n_macc": 0,
                "n_params": 0,
                "psize": 0,
                "rom_n_params": 0,
                "rom_output": null,
                "rom_size": 0,
                "rom_size_params": 0,
                "rom_trans": null
            },
            "id": 7,
            "inputs": [
                "nl_6"
            ],
            "name": "pool_7",
            "out_shapes": [
                [
                    8,
                    1,
                    1
                ]
            ],
            "outputs": [
                "pool_7"
            ],
            "pool_function": "max",
            "pool_pad": [
                0,
                0
            ],
            "pool_size": [
                2,
                2
            ],
            "pool_stride": [
                2,
                2
            ],
            "type": "Pool"
        },
        {
            "extras": {
                "c_l2_error": 0,
                "c_l2_id": -1,
                "n_macc": 0,
                "n_params": 8,
                "psize": 32,
                "rom_n_params": 0,
                "rom_output": null,
                "rom_size": 0,
                "rom_size_params": 0,
                "rom_trans": null
            },
            "id": 8,
            "inputs": [],
            "name": "sequentialbatch_normalization_2FusedBatchNormV31",
            "out_shapes": [
                [
                    8,
                    1,
                    1
                ]
            ],
            "outputs": [
                "sequentialbatch_normalization_2FusedBatchNormV31"
            ],
            "shape": [
                8,
                1,
                1
            ],
            "type": "Placeholder"
        },
        {
            "extras": {
                "c_l2_error": 0,
                "c_l2_id": -1,
                "n_macc": 16,
                "n_params": 0,
                "psize": 0,
                "rom_n_params": 16,
                "rom_output": {
                    "c_size": 32,
                    "fmt": {
                        "c_bits": [
                            32,
                            0
                        ],
                        "c_format": "AI_ARRAY_FORMAT_FLOAT",
                        "c_size": 4,
                        "c_type": "ai_float",
                        "format": "FLOAT32"
                    },
                    "shape": [
                        1,
                        1,
                        8,
                        1
                    ]
                },
                "rom_size": 64,
                "rom_size_params": 64,
                "rom_trans": null
            },
            "id": 8,
            "inputs": [
                "pool_7",
                "sequentialbatch_normalization_2FusedBatchNormV31"
            ],
            "name": "eltwise_8",
            "operation": "mul",
            "out_shapes": [
                [
                    8,
                    1,
                    1
                ]
            ],
            "outputs": [
                "eltwise_8"
            ],
            "type": "Eltwise"
        },
        {
            "extras": {
                "c_l2_error": 0,
                "c_l2_id": -1,
                "n_macc": 0,
                "n_params": 8,
                "psize": 32,
                "rom_n_params": 0,
                "rom_output": null,
                "rom_size": 0,
                "rom_size_params": 0,
                "rom_trans": null
            },
            "id": 9,
            "inputs": [],
            "name": "sequentialbatch_normalization_2FusedBatchNormV3",
            "out_shapes": [
                [
                    8,
                    1,
                    1
                ]
            ],
            "outputs": [
                "sequentialbatch_normalization_2FusedBatchNormV3"
            ],
            "shape": [
                8,
                1,
                1
            ],
            "type": "Placeholder"
        },
        {
            "extras": {
                "c_l2_error": 0,
                "c_l2_id": -1,
                "n_macc": 0,
                "n_params": 0,
                "psize": 0,
                "rom_n_params": 0,
                "rom_output": null,
                "rom_size": 0,
                "rom_size_params": 0,
                "rom_trans": null
            },
            "id": 9,
            "inputs": [
                "eltwise_8",
                "sequentialbatch_normalization_2FusedBatchNormV3"
            ],
            "name": "eltwise_9",
            "operation": "add",
            "out_shapes": [
                [
                    8,
                    1,
                    1
                ]
            ],
            "outputs": [
                "eltwise_9"
            ],
            "type": "Eltwise"
        },
        {
            "extras": {
                "c_l2_error": 0,
                "c_l2_id": -1,
                "n_macc": 0,
                "n_params": 0,
                "psize": 0,
                "rom_n_params": 0,
                "rom_output": null,
                "rom_size": 0,
                "rom_size_params": 0,
                "rom_trans": null
            },
            "id": 10,
            "inputs": [
                "eltwise_9"
            ],
            "name": "reshape_10",
            "out_shapes": [
                [
                    8
                ]
            ],
            "outputs": [
                "reshape_10"
            ],
            "shape": [
                8
            ],
            "type": "Reshape"
        },
        {
            "extras": {
                "c_l2_error": 0,
                "c_l2_id": -1,
                "n_macc": 256,
                "n_params": 288,
                "psize": 1152,
                "rom_n_params": 288,
                "rom_output": {
                    "c_size": 128,
                    "fmt": {
                        "c_bits": [
                            32,
                            0
                        ],
                        "c_format": "AI_ARRAY_FORMAT_FLOAT",
                        "c_size": 4,
                        "c_type": "ai_float",
                        "format": "FLOAT32"
                    },
                    "shape": [
                        1,
                        1,
                        32,
                        1
                    ]
                },
                "rom_size": 1152,
                "rom_size_params": 1152,
                "rom_trans": null
            },
            "id": 11,
            "inputs": [
                "reshape_10"
            ],
            "name": "dense_11",
            "num_units": 32,
            "out_shapes": [
                [
                    32
                ]
            ],
            "outputs": [
                "dense_11"
            ],
            "type": "Dense",
            "use_bias": true
        },
        {
            "extras": {
                "c_l2_error": 0,
                "c_l2_id": -1,
                "n_macc": 32,
                "n_params": 0,
                "psize": 0,
                "rom_n_params": 0,
                "rom_output": {
                    "c_size": 128,
                    "fmt": {
                        "c_bits": [
                            32,
                            0
                        ],
                        "c_format": "AI_ARRAY_FORMAT_FLOAT",
                        "c_size": 4,
                        "c_type": "ai_float",
                        "format": "FLOAT32"
                    },
                    "shape": [
                        1,
                        1,
                        32,
                        1
                    ]
                },
                "rom_size": 0,
                "rom_size_params": 0,
                "rom_trans": null
            },
            "id": 11,
            "inputs": [
                "dense_11"
            ],
            "name": "nl_11",
            "nonlinearity": "relu",
            "out_shapes": [
                [
                    32
                ]
            ],
            "outputs": [
                "nl_11"
            ],
            "type": "Nonlinearity"
        },
        {
            "extras": {
                "c_l2_error": 0,
                "c_l2_id": -1,
                "n_macc": 32,
                "n_params": 33,
                "psize": 132,
                "rom_n_params": 33,
                "rom_output": {
                    "c_size": 4,
                    "fmt": {
                        "c_bits": [
                            32,
                            0
                        ],
                        "c_format": "AI_ARRAY_FORMAT_FLOAT",
                        "c_size": 4,
                        "c_type": "ai_float",
                        "format": "FLOAT32"
                    },
                    "shape": [
                        1,
                        1,
                        1,
                        1
                    ]
                },
                "rom_size": 132,
                "rom_size_params": 132,
                "rom_trans": null
            },
            "id": 12,
            "inputs": [
                "nl_11"
            ],
            "name": "dense_12",
            "num_units": 1,
            "out_shapes": [
                [
                    1
                ]
            ],
            "outputs": [
                "dense_12"
            ],
            "type": "Dense",
            "use_bias": true
        },
        {
            "extras": {
                "c_l2_error": 0,
                "c_l2_id": -1,
                "n_macc": 10,
                "n_params": 0,
                "psize": 0,
                "rom_n_params": 0,
                "rom_output": {
                    "c_size": 4,
                    "fmt": {
                        "c_bits": [
                            32,
                            0
                        ],
                        "c_format": "AI_ARRAY_FORMAT_FLOAT",
                        "c_size": 4,
                        "c_type": "ai_float",
                        "format": "FLOAT32"
                    },
                    "shape": [
                        1,
                        1,
                        1,
                        1
                    ]
                },
                "rom_size": 0,
                "rom_size_params": 0,
                "rom_trans": null
            },
            "id": 13,
            "inputs": [
                "dense_12"
            ],
            "name": "nl_13",
            "nonlinearity": "sigmoid",
            "out_shapes": [
                [
                    1
                ]
            ],
            "outputs": [
                "nl_13"
            ],
            "type": "Nonlinearity"
        }
    ],
    "maxlen_name": 62,
    "md5": "aa47e0ff7656f90854c992e32175164c",
    "model_files": [
        "C:\\Users\\thwai\\Desktop\\AI\\wake_word_stop_model.tflite"
    ],
    "model_n_params": 1657,
    "model_name": "wake_word_stop_model",
    "model_size": 6628,
    "model_type": "tflite (tflite)",
    "name": "network",
    "outputs": [
        "nl_13"
    ],
    "ram_io_size": [
        256,
        4
    ],
    "ram_size": [
        6272,
        6272
    ],
    "report_version": 1.0,
    "rom_cfact": null,
    "rom_heap": [
        0,
        0
    ],
    "rom_heap_inspector": 2048,
    "rom_inputs": [
        {
            "c_size": 256,
            "c_type": "ai_float",
            "name": "conv2d_input"
        }
    ],
    "rom_l2_error_max": 0.0,
    "rom_n_c_nodes": 10,
    "rom_n_macc": 17250,
    "rom_n_macc_max": 7872,
    "rom_outputs": [
        {
            "c_size": 4,
            "c_type": "ai_float",
            "name": "nl_13"
        }
    ],
    "rom_size": 6628,
    "rom_size_max": 4128,
    "rom_stack": [
        0,
        0
    ],
    "strategy": "heap_overlay_pool",
    "tools_api_version": {
        "major": 1,
        "micro": 0,
        "minor": 3
    },
    "tools_version": {
        "extra": null,
        "major": 5,
        "micro": 0,
        "minor": 2
    },
    "version": "0.2"
}