{
    "activations": 6272,
    "activations_alignment": 4,
    "c_arrays": [
        {
            "c_bits": [
                32,
                0
            ],
            "c_id": 0,
            "c_size_in_byte": 128,
            "c_type": "float",
            "conv_type": "",
            "format": "float",
            "mem_pool": "activations",
            "name": "conv2d_6_scratch0_array",
            "offset": 0,
            "size": 32,
            "start_offset": 0,
            "tensors": [
                {
                    "name": "conv2d_6_scratch0",
                    "shape": [
                        1,
                        2,
                        2,
                        8
                    ]
                }
            ]
        },
        {
            "c_bits": [
                32,
                0
            ],
            "c_id": 1,
            "c_size_in_byte": 4,
            "c_type": "const float",
            "conv_type": "",
            "format": "float",
            "mem_pool": "weights",
            "name": "dense_12_bias_array",
            "offset": 6624,
            "size": 1,
            "start_offset": 6624,
            "tensors": [
                {
                    "name": "dense_12_bias",
                    "shape": [
                        1,
                        1,
                        1,
                        1
                    ]
                }
            ]
        },
        {
            "c_bits": [
                32,
                0
            ],
            "c_id": 2,
            "c_size_in_byte": 128,
            "c_type": "const float",
            "conv_type": "",
            "format": "float",
            "mem_pool": "weights",
            "name": "dense_12_weights_array",
            "offset": 6496,
            "size": 32,
            "start_offset": 6496,
            "tensors": [
                {
                    "name": "dense_12_weights",
                    "shape": [
                        32,
                        1,
                        1,
                        1
                    ]
                }
            ]
        },
        {
            "c_bits": [
                32,
                0
            ],
            "c_id": 3,
            "c_size_in_byte": 128,
            "c_type": "const float",
            "conv_type": "",
            "format": "float",
            "mem_pool": "weights",
            "name": "dense_11_bias_array",
            "offset": 6368,
            "size": 32,
            "start_offset": 6368,
            "tensors": [
                {
                    "name": "dense_11_bias",
                    "shape": [
                        1,
                        1,
                        1,
                        32
                    ]
                }
            ]
        },
        {
            "c_bits": [
                32,
                0
            ],
            "c_id": 4,
            "c_size_in_byte": 1024,
            "c_type": "const float",
            "conv_type": "",
            "format": "float",
            "mem_pool": "weights",
            "name": "dense_11_weights_array",
            "offset": 5344,
            "size": 256,
            "start_offset": 5344,
            "tensors": [
                {
                    "name": "dense_11_weights",
                    "shape": [
                        8,
                        1,
                        1,
                        32
                    ]
                }
            ]
        },
        {
            "c_bits": [
                32,
                0
            ],
            "c_id": 5,
            "c_size_in_byte": 32,
            "c_type": "const float",
            "conv_type": "",
            "format": "float",
            "mem_pool": "weights",
            "name": "eltwise_8_bias_array",
            "offset": 5312,
            "size": 8,
            "start_offset": 5312,
            "tensors": [
                {
                    "name": "eltwise_8_bias",
                    "shape": [
                        1,
                        1,
                        1,
                        8
                    ]
                }
            ]
        },
        {
            "c_bits": [
                32,
                0
            ],
            "c_id": 6,
            "c_size_in_byte": 32,
            "c_type": "const float",
            "conv_type": "",
            "format": "float",
            "mem_pool": "weights",
            "name": "eltwise_8_scale_array",
            "offset": 5280,
            "size": 8,
            "start_offset": 5280,
            "tensors": [
                {
                    "name": "eltwise_8_scale",
                    "shape": [
                        1,
                        1,
                        1,
                        8
                    ]
                }
            ]
        },
        {
            "c_bits": [
                32,
                0
            ],
            "c_id": 7,
            "c_size_in_byte": 32,
            "c_type": "const float",
            "conv_type": "",
            "format": "float",
            "mem_pool": "weights",
            "name": "conv2d_6_bias_array",
            "offset": 5248,
            "size": 8,
            "start_offset": 5248,
            "tensors": [
                {
                    "name": "conv2d_6_bias",
                    "shape": [
                        1,
                        1,
                        1,
                        8
                    ]
                }
            ]
        },
        {
            "c_bits": [
                32,
                0
            ],
            "c_id": 8,
            "c_size_in_byte": 4096,
            "c_type": "const float",
            "conv_type": "",
            "format": "float",
            "mem_pool": "weights",
            "name": "conv2d_6_weights_array",
            "offset": 1152,
            "size": 1024,
            "start_offset": 1152,
            "tensors": [
                {
                    "name": "conv2d_6_weights",
                    "shape": [
                        32,
                        8,
                        2,
                        2
                    ]
                }
            ]
        },
        {
            "c_bits": [
                32,
                0
            ],
            "c_id": 9,
            "c_size_in_byte": 128,
            "c_type": "const float",
            "conv_type": "",
            "format": "float",
            "mem_pool": "weights",
            "name": "eltwise_4_bias_array",
            "offset": 1024,
            "size": 32,
            "start_offset": 1024,
            "tensors": [
                {
                    "name": "eltwise_4_bias",
                    "shape": [
                        1,
                        1,
                        1,
                        32
                    ]
                }
            ]
        },
        {
            "c_bits": [
                32,
                0
            ],
            "c_id": 10,
            "c_size_in_byte": 128,
            "c_type": "const float",
            "conv_type": "",
            "format": "float",
            "mem_pool": "weights",
            "name": "eltwise_4_scale_array",
            "offset": 896,
            "size": 32,
            "start_offset": 896,
            "tensors": [
                {
                    "name": "eltwise_4_scale",
                    "shape": [
                        1,
                        1,
                        1,
                        32
                    ]
                }
            ]
        },
        {
            "c_bits": [
                32,
                0
            ],
            "c_id": 11,
            "c_size_in_byte": 128,
            "c_type": "const float",
            "conv_type": "",
            "format": "float",
            "mem_pool": "weights",
            "name": "eltwise_1_bias_array",
            "offset": 768,
            "size": 32,
            "start_offset": 768,
            "tensors": [
                {
                    "name": "eltwise_1_bias",
                    "shape": [
                        1,
                        1,
                        1,
                        32
                    ]
                }
            ]
        },
        {
            "c_bits": [
                32,
                0
            ],
            "c_id": 12,
            "c_size_in_byte": 128,
            "c_type": "const float",
            "conv_type": "",
            "format": "float",
            "mem_pool": "weights",
            "name": "eltwise_1_scale_array",
            "offset": 640,
            "size": 32,
            "start_offset": 640,
            "tensors": [
                {
                    "name": "eltwise_1_scale",
                    "shape": [
                        1,
                        1,
                        1,
                        32
                    ]
                }
            ]
        },
        {
            "c_bits": [
                32,
                0
            ],
            "c_id": 13,
            "c_size_in_byte": 128,
            "c_type": "const float",
            "conv_type": "",
            "format": "float",
            "mem_pool": "weights",
            "name": "conv2d_0_bias_array",
            "offset": 512,
            "size": 32,
            "start_offset": 512,
            "tensors": [
                {
                    "name": "conv2d_0_bias",
                    "shape": [
                        1,
                        1,
                        1,
                        32
                    ]
                }
            ]
        },
        {
            "c_bits": [
                32,
                0
            ],
            "c_id": 14,
            "c_size_in_byte": 512,
            "c_type": "const float",
            "conv_type": "",
            "format": "float",
            "mem_pool": "weights",
            "name": "conv2d_0_weights_array",
            "offset": 0,
            "size": 128,
            "start_offset": 0,
            "tensors": [
                {
                    "name": "conv2d_0_weights",
                    "shape": [
                        1,
                        32,
                        2,
                        2
                    ]
                }
            ]
        },
        {
            "c_bits": [
                32,
                0
            ],
            "c_id": 15,
            "c_size_in_byte": 256,
            "c_type": "float",
            "conv_type": "",
            "format": "float",
            "io_type": "input",
            "mem_pool": "user",
            "name": "conv2d_input_output_array",
            "offset": "NULL",
            "size": 64,
            "start_offset": "NULL",
            "tensors": [
                {
                    "name": "conv2d_input_output",
                    "shape": [
                        1,
                        8,
                        8,
                        1
                    ]
                }
            ]
        },
        {
            "c_bits": [
                32,
                0
            ],
            "c_id": 16,
            "c_size_in_byte": 6272,
            "c_type": "float",
            "conv_type": "",
            "format": "float",
            "mem_pool": "activations",
            "name": "conv2d_0_output_array",
            "offset": 0,
            "size": 1568,
            "start_offset": 0,
            "tensors": [
                {
                    "name": "conv2d_0_output",
                    "shape": [
                        1,
                        7,
                        7,
                        32
                    ]
                }
            ]
        },
        {
            "c_bits": [
                32,
                0
            ],
            "c_id": 17,
            "c_size_in_byte": 6272,
            "c_type": "float",
            "conv_type": "",
            "format": "float",
            "mem_pool": "activations",
            "name": "eltwise_1_output_array",
            "offset": 0,
            "size": 1568,
            "start_offset": 0,
            "tensors": [
                {
                    "name": "eltwise_1_output",
                    "shape": [
                        1,
                        7,
                        7,
                        32
                    ]
                }
            ]
        },
        {
            "c_bits": [
                32,
                0
            ],
            "c_id": 18,
            "c_size_in_byte": 1152,
            "c_type": "float",
            "conv_type": "",
            "format": "float",
            "mem_pool": "activations",
            "name": "pool_3_output_array",
            "offset": 0,
            "size": 288,
            "start_offset": 0,
            "tensors": [
                {
                    "name": "pool_3_output",
                    "shape": [
                        1,
                        3,
                        3,
                        32
                    ]
                }
            ]
        },
        {
            "c_bits": [
                32,
                0
            ],
            "c_id": 19,
            "c_size_in_byte": 1152,
            "c_type": "float",
            "conv_type": "",
            "format": "float",
            "mem_pool": "activations",
            "name": "eltwise_4_output_array",
            "offset": 1152,
            "size": 288,
            "start_offset": 1152,
            "tensors": [
                {
                    "name": "eltwise_4_output",
                    "shape": [
                        1,
                        3,
                        3,
                        32
                    ]
                }
            ]
        },
        {
            "c_bits": [
                32,
                0
            ],
            "c_id": 20,
            "c_size_in_byte": 32,
            "c_type": "float",
            "conv_type": "",
            "format": "float",
            "mem_pool": "activations",
            "name": "conv2d_6_output_array",
            "offset": 128,
            "size": 8,
            "start_offset": 128,
            "tensors": [
                {
                    "name": "conv2d_6_output",
                    "shape": [
                        1,
                        1,
                        1,
                        8
                    ]
                }
            ]
        },
        {
            "c_bits": [
                32,
                0
            ],
            "c_id": 21,
            "c_size_in_byte": 32,
            "c_type": "float",
            "conv_type": "",
            "format": "float",
            "mem_pool": "activations",
            "name": "eltwise_8_output_array",
            "offset": 0,
            "size": 8,
            "start_offset": 0,
            "tensors": [
                {
                    "name": "eltwise_8_output",
                    "shape": [
                        1,
                        1,
                        1,
                        8
                    ]
                }
            ]
        },
        {
            "c_bits": [
                32,
                0
            ],
            "c_id": 22,
            "c_size_in_byte": 128,
            "c_type": "float",
            "conv_type": "",
            "format": "float",
            "mem_pool": "activations",
            "name": "dense_11_output_array",
            "offset": 32,
            "size": 32,
            "start_offset": 32,
            "tensors": [
                {
                    "name": "dense_11_output",
                    "shape": [
                        1,
                        1,
                        1,
                        32
                    ]
                }
            ]
        },
        {
            "c_bits": [
                32,
                0
            ],
            "c_id": 23,
            "c_size_in_byte": 128,
            "c_type": "float",
            "conv_type": "",
            "format": "float",
            "mem_pool": "activations",
            "name": "nl_11_output_array",
            "offset": 160,
            "size": 32,
            "start_offset": 160,
            "tensors": [
                {
                    "name": "nl_11_output",
                    "shape": [
                        1,
                        1,
                        1,
                        32
                    ]
                }
            ]
        },
        {
            "c_bits": [
                32,
                0
            ],
            "c_id": 24,
            "c_size_in_byte": 4,
            "c_type": "float",
            "conv_type": "",
            "format": "float",
            "mem_pool": "activations",
            "name": "dense_12_output_array",
            "offset": 0,
            "size": 1,
            "start_offset": 0,
            "tensors": [
                {
                    "name": "dense_12_output",
                    "shape": [
                        1,
                        1,
                        1,
                        1
                    ]
                }
            ]
        },
        {
            "c_bits": [
                32,
                0
            ],
            "c_id": 25,
            "c_size_in_byte": 4,
            "c_type": "float",
            "conv_type": "",
            "format": "float",
            "io_type": "output",
            "mem_pool": "user",
            "name": "nl_13_output_array",
            "offset": "NULL",
            "size": 1,
            "start_offset": "NULL",
            "tensors": [
                {
                    "name": "nl_13_output",
                    "shape": [
                        1,
                        1,
                        1,
                        1
                    ]
                }
            ]
        }
    ],
    "c_arrays_n": 26,
    "c_intq_n": 0,
    "c_layers": [
        {
            "c_forward": "forward_conv2d",
            "c_id": 0,
            "m_id": 0,
            "macc": 7872,
            "name": "conv2d_0",
            "next": "eltwise_1",
            "rom": 640,
            "tensors": {
                "inputs": [
                    "conv2d_input_output"
                ],
                "outputs": [
                    "conv2d_0_output"
                ],
                "scratchs": [],
                "weights": [
                    "conv2d_0_weights",
                    "conv2d_0_bias"
                ]
            },
            "type": "conv2d"
        },
        {
            "c_forward": "forward_bn",
            "c_id": 1,
            "m_id": 1,
            "macc": 3136,
            "name": "eltwise_1",
            "next": "pool_3",
            "rom": 256,
            "tensors": {
                "inputs": [
                    "conv2d_0_output"
                ],
                "outputs": [
                    "eltwise_1_output"
                ],
                "scratchs": [],
                "weights": [
                    "eltwise_1_scale",
                    "eltwise_1_bias"
                ]
            },
            "type": "bn"
        },
        {
            "c_forward": "forward_mp",
            "c_id": 2,
            "m_id": 3,
            "macc": 1152,
            "name": "pool_3",
            "next": "eltwise_4",
            "rom": 0,
            "tensors": {
                "inputs": [
                    "eltwise_1_output"
                ],
                "outputs": [
                    "pool_3_output"
                ],
                "scratchs": [],
                "weights": []
            },
            "type": "pool"
        },
        {
            "c_forward": "forward_bn",
            "c_id": 3,
            "m_id": 4,
            "macc": 576,
            "name": "eltwise_4",
            "next": "conv2d_6",
            "rom": 256,
            "tensors": {
                "inputs": [
                    "pool_3_output"
                ],
                "outputs": [
                    "eltwise_4_output"
                ],
                "scratchs": [],
                "weights": [
                    "eltwise_4_scale",
                    "eltwise_4_bias"
                ]
            },
            "type": "bn"
        },
        {
            "c_forward": "forward_conv2d_nl_pool",
            "c_id": 4,
            "m_id": 6,
            "macc": 4168,
            "name": "conv2d_6",
            "next": "eltwise_8",
            "rom": 4128,
            "tensors": {
                "inputs": [
                    "eltwise_4_output"
                ],
                "outputs": [
                    "conv2d_6_output"
                ],
                "scratchs": [
                    "conv2d_6_scratch0"
                ],
                "weights": [
                    "conv2d_6_weights",
                    "conv2d_6_bias"
                ]
            },
            "type": "optimized_conv2d"
        },
        {
            "c_forward": "forward_bn",
            "c_id": 5,
            "m_id": 8,
            "macc": 16,
            "name": "eltwise_8",
            "next": "dense_11",
            "rom": 64,
            "tensors": {
                "inputs": [
                    "conv2d_6_output"
                ],
                "outputs": [
                    "eltwise_8_output"
                ],
                "scratchs": [],
                "weights": [
                    "eltwise_8_scale",
                    "eltwise_8_bias"
                ]
            },
            "type": "bn"
        },
        {
            "c_forward": "forward_dense",
            "c_id": 6,
            "m_id": 11,
            "macc": 256,
            "name": "dense_11",
            "next": "nl_11",
            "rom": 1152,
            "tensors": {
                "inputs": [
                    "eltwise_8_output"
                ],
                "outputs": [
                    "dense_11_output"
                ],
                "scratchs": [],
                "weights": [
                    "dense_11_weights",
                    "dense_11_bias"
                ]
            },
            "type": "dense"
        },
        {
            "c_forward": "forward_relu",
            "c_id": 7,
            "m_id": 11,
            "macc": 32,
            "name": "nl_11",
            "next": "dense_12",
            "rom": 0,
            "tensors": {
                "inputs": [
                    "dense_11_output"
                ],
                "outputs": [
                    "nl_11_output"
                ],
                "scratchs": [],
                "weights": []
            },
            "type": "nl"
        },
        {
            "c_forward": "forward_dense",
            "c_id": 8,
            "m_id": 12,
            "macc": 32,
            "name": "dense_12",
            "next": "nl_13",
            "rom": 132,
            "tensors": {
                "inputs": [
                    "nl_11_output"
                ],
                "outputs": [
                    "dense_12_output"
                ],
                "scratchs": [],
                "weights": [
                    "dense_12_weights",
                    "dense_12_bias"
                ]
            },
            "type": "dense"
        },
        {
            "c_forward": "forward_sigmoid",
            "c_id": 9,
            "m_id": 13,
            "macc": 10,
            "name": "nl_13",
            "next": "nl_13",
            "rom": 0,
            "tensors": {
                "inputs": [
                    "dense_12_output"
                ],
                "outputs": [
                    "nl_13_output"
                ],
                "scratchs": [],
                "weights": []
            },
            "type": "nl"
        }
    ],
    "c_name": "network",
    "c_nodes_n": 10,
    "c_tensors_n": 26,
    "date_time": "Sun Jan  3 00:14:42 2021",
    "inputs": [
        "conv2d_input_output"
    ],
    "macc": 17250,
    "model_name": "wake_word_stop_model",
    "outputs": [
        "nl_13_output"
    ],
    "params_alignment": 4,
    "tools_api_version": {
        "major": 1,
        "micro": 0,
        "minor": 3
    },
    "tools_version": {
        "extra": null,
        "major": 5,
        "micro": 0,
        "minor": 2
    },
    "version": "1.0",
    "weights": 6628
}